{
    "data": {
        "const": {
            "0": 1.0,
            "8": 1.0,
            "9": 1.0,
            "18": 1.0,
            "19": 1.0,
            "20": 1.0,
            "21": 1.0,
            "22": 1.0,
            "23": 1.0,
            "24": 1.0
        },
        "pol_eff_year": {
            "0": 2010,
            "8": 2010,
            "9": 2010,
            "18": 2010,
            "19": 2010,
            "20": 2010,
            "21": 2010,
            "22": 2010,
            "23": 2010,
            "24": 2010
        },
        "risk_state": {
            "0": "AK",
            "8": "AR",
            "9": "AR",
            "18": "AZ",
            "19": "AZ",
            "20": "AZ",
            "21": "AZ",
            "22": "AZ",
            "23": "AZ",
            "24": "AZ"
        },
        "naics3": {
            "0": 722.0,
            "8": 453.0,
            "9": 423.0,
            "18": 112.0,
            "19": 112.0,
            "20": 722.0,
            "21": 562.0,
            "22": 423.0,
            "23": 451.0,
            "24": 111.0
        },
        "n_power_units": {
            "0": 24,
            "8": 1,
            "9": 4,
            "18": 17,
            "19": 32,
            "20": 5,
            "21": 13,
            "22": 1,
            "23": 2,
            "24": 13
        },
        "prior_claim_freq_3yr": {
            "0": 0.0,
            "8": 0.0,
            "9": 0.0,
            "18": 0.0,
            "19": 0.0,
            "20": 0.0,
            "21": 0.0,
            "22": 0.0,
            "23": 0.0,
            "24": 0.0
        },
        "dnb_credit_score": {
            "0": 0.0,
            "8": 2.0,
            "9": 1.0,
            "18": 3.0,
            "19": 3.0,
            "20": 0.0,
            "21": 0.0,
            "22": 1.0,
            "23": 1.0,
            "24": 1.0
        },
        "easi_snowfall": {
            "0": 70.0,
            "8": 5.0,
            "9": 7.0,
            "18": 0.0,
            "19": 0.0,
            "20": 0.0,
            "21": 0.0,
            "22": 0.0,
            "23": 0.0,
            "24": 0.0
        },
        "experience_rated_manual_premium": {
            "0": 478.5550768,
            "8": 429.1644574,
            "9": 1234.67269,
            "18": 3274.963002,
            "19": 2978.80742,
            "20": 1084.461813,
            "21": 8531.548122,
            "22": 444.0907281,
            "23": 538.1645545,
            "24": 571.3102613
        },
        "incurred_loss_and_alae": {
            "0": 0.0,
            "8": 0.0,
            "9": 0.0,
            "18": 423.2949163,
            "19": 0.0,
            "20": 5326.435013,
            "21": 410.4108303,
            "22": 0.0,
            "23": 0.0,
            "24": 0.0
        }
    }
}